image_id,n_gt_cells,fg_fraction,iou_U-Net (No Aug),iou_U-Net (Geo Aug),iou_U-Net (Full FT)
615985773f1469fbc00915b3e82d1d4942051c09ddea2667e37ad361ed2e9d59,35,0.152679443359375,0.7939917764538055,0.8653544849197023,0.8871602804187074
d1dbc6ee7c44a7027e935d040e496793186b884a1028d0e26284a206c6f5aff0,17,0.0280303955078125,0.8470646275283671,0.8411445485939812,0.8587229763700351
5bda829acd824821bc1f3f6573cf065d364653d5322f033a4af943f7a6170566,20,0.250732421875,0.9335689045936396,0.9377806665090995,0.9344849873670603
fdda64c47361b0d1a146e5b7b48dc6b7de615ea80b31f01227a3b16469589528,30,0.1398162841796875,0.7244196392461376,0.8528086512466206,0.8533842344201403
61a15ccbfebb9d2fc54c068472a75d7babfb3f48fea008470e7db807585f9510,42,0.0999908447265625,0.9042381580876961,0.9080357142857143,0.9136021267168808
353ab00e964f71aa720385223a9078b770b7e3efaf5be0f66e670981f68fe606,50,0.1978302001953125,0.7356019261637239,0.8723666111633968,0.8774146162320969
b1a239838c7dbb34ffea851ad537899f24da62f4e3f3fd6d835ff7b922f27313,29,0.3402862548828125,0.9208558010088711,0.9269790124531917,0.9259066909027958
9c95eae11da041189e84cda20bdfb75716a6594684de4b6ce12a9aaadbb874c9,20,0.0183258056640625,0.7664624808575804,0.7665165165165165,0.7251908396946565
c0152b1a260e71f9823d17f4fbb4bf7020d5dce62b4a12b3099c1c8e52a1c43a,25,0.233489990234375,0.8122803883032577,0.8623279850970494,0.8567819548872181
50a7ea80dd73232a17f98b5c83f62ec89989e892fe25b79b36f99b3872a7d182,22,0.2211151123046875,0.9182303883242117,0.9222737061933042,0.9210252406973718
77ceeb87f560775ac150b8b9b09684ed3e806d0af6f26cce8f10c5fc280f5df2,30,0.1884765625,0.7862042088854247,0.8076261915924363,0.8660410202073715
4ff152d76db095f75c664dd48e41e8c9953fd0e784535883916383165e28a08e,6,0.01727294921875,0.9680759275237274,0.9678540399652477,0.97398091934085
1a75e9f15481d11084fe66bc2a5afac6dc5bec20ed56a7351a6d65ef0fe8762b,8,0.0114288330078125,0.7980241492864983,0.7928416485900217,0.7818181818181819
623cf6987b3fac8f384c09f40d98c5e739c097aa9a9627054542aa27f7d38db1,23,0.090850830078125,0.7443217865753077,0.7571614583333334,0.8771735693961429
9ebcfaf2322932d464f15b5662cae4d669b2d785b8299556d73fffcae8365d32,58,0.4078826904296875,0.8044780005206977,0.8552221620157139,0.8634154747544374
785555c0cbb49dad835635217085287a8cc61c27d26f0e106b70c1dfd05784dc,19,0.028839111328125,0.7953648915187377,0.8237373737373738,0.8294147073536768
fadeb0ab092833f27daaeb3e24223eb090f9536b83f68cde8f49df7c544f711b,39,0.051055908203125,0.841545643153527,0.8658705915023605,0.851664447403462
573a657d5e5fcb9574a758b0ab34b09c79d7ba374ceb71227c3dc88f009a3f6b,27,0.100250244140625,0.7142857142857143,0.8899313821593614,0.8818207126948775
1609b1b8480ee52652a644403b3f7d5511410a016750aa3b9a4c8ddb3e893e8e,19,0.216217041015625,0.9283735387526184,0.9328373489864173,0.9326209759749541
7b38c9173ebe69b4c6ba7e703c0c27f39305d9b2910f46405993d2ea7a963b80,1,0.00030517578125,0.0,0.0,0.0
5419302571113e9aa74c7c0a9575333ca539b871a16c86ee92b35170b4ddc52e,8,0.0203857421875,0.9350553505535055,0.8942307692307693,0.9176557863501483
da31f2aa8601afec5c45180a2c448cb9c4a8ec7b35e75190d6ba3588f69058c8,62,0.23199345171451569,0.9033181846479487,0.9121991075356671,0.9104020979020979
63d981a107091e1e3059102ce08870744dde173afe324bc2274c17d42f661778,32,0.3033905029296875,0.9275680840898233,0.9371395337566035,0.9343206077507452
94519eb45cbe1573252623b7ea06a8b43c19c930f5c9b685edb639d0db719ab0,61,0.2754669189453125,0.808,0.8273480662983426,0.8370794916521306
b214800de5ed4cc558f44d569495970f93c8c047f8e464c51d4bd5c276118423,64,0.307098388671875,0.827548056976905,0.8573106813663474,0.8438121946806586
3bfd6bb152310f93daa6f4e1867c10572946e874b3a30c9ba8e0fcdeb590300b,32,0.1441650390625,0.7891577565184769,0.784105439165929,0.827212020033389
fec226e45f49ab81ab71e0eaa1248ba09b56a328338dce93a43f4044eababed5,13,0.0266571044921875,0.9172892209178228,0.9348066298342541,0.9289647577092511
cf26c41245febfe67c2a1682cc4ee8752ee40ae3e49610314f45923b8bf5b08a,40,0.0778045654296875,0.8629017613945887,0.8766355140186916,0.8843080276062477
4185b9369fc8bdcc7e7c68f2129b9a7442237cd0f836a4b6d13ef64bf0ef572a,48,0.095703125,0.9203661327231121,0.9250508527616962,0.9284288127783751
1c2f9e121fc207efff79d46390df1a740566b683ff56a96d8cabe830a398dd2e,12,0.037017822265625,0.8961246504194966,0.8908069048574869,0.9092356687898089
62057502c387145ed4f8f7f0d5e5bedcb72d3bcec15fa71cb0310dee32871461,101,0.1644492745399475,0.8422265858447878,0.8416793120890238,0.8423469387755103
4e92129f4e8066d6f560d6022cd343a2245939aa49d8b06cddbd9bfc7e7eeb0e,46,0.19476318359375,0.8041288663475963,0.8583266114248002,0.8369194242469209
8b12e18670e4b24d03567d1e17c0c24fadf0ea2c1e763983dd6bb4c44b7376a6,7,0.0194854736328125,0.9446969696969697,0.9509803921568627,0.9571865443425076
8f94a80b95a881d0efdec36affc915dca9609f4cba8134c4a91b219d418778aa,75,0.016745949164032936,0.5639445300462249,0.6055118110236221,0.578112609040444
3bfa8b3b01fd24a28477f103063d17368a7398b27331e020f3a0ef59bf68c940,82,0.2530364990234375,0.7602086993558005,0.8085779483456073,0.7944438576106475
8e8a7a14749d0b2e48de3d10e2e80063f17b165ad921c8afc0623f08500f3259,16,0.0358123779296875,0.7358427714856762,0.8324261275272161,0.8351268255188317
af8621ef0db8c26b0bce6385bd5609b584bfd678fcf7a234b8a15e6bb05c15ac,22,0.0790252685546875,0.935557240333586,0.936773947819463,0.9555808656036446
f4b7c24baf69b8752c49d0eb5db4b7b5e1524945d48e54925bff401d5658045d,9,0.0628509521484375,0.8553240740740741,0.8586956521739131,0.8673153471915082
f20eb4592e7d3cf58d421a9c34832d33adcdcbd0e17b7bf009a013847608da27,30,0.0708770751953125,0.9360871352240033,0.9518072289156626,0.9461314475873545
24a20f2a529cede5695df2422a3986505b5826bb10b10781d6db2074cf3de7b3,34,0.0599212646484375,0.7329737019554956,0.7950420540061974,0.8087746510081986
f9ac03b0344ce8c48bc058448541f9211a1e5f4c94fdaf633dd534328d8610ab,20,0.04730224609375,0.9486461251167133,0.9551484523057486,0.9516635279347144
1e61ecf354cb93a62a9561db87a53985fb54e001444f98112ed0fc623fad793e,6,0.0145721435546875,0.8987090367428004,0.9011099899091827,0.903420523138833
6c67b78e8164801059375ed9a607f61e67a7ae347e92e36a7f20514224541d56,111,0.2491607666015625,0.7921502996274902,0.8165017223467658,0.7988914453043297
56d0da5b663ddd49955478c00ca03118c367ff7dd6a646b8c875b0acb207d1c5,24,0.2941131591796875,0.9245949926362298,0.9380270445586547,0.9382814445828145
11a0170f44e3ab4a8d669ae8ea9546d3a32ebfe6486d9066e5648d30b4e1cb69,12,0.026519775390625,0.9044975013881177,0.8993919292426755,0.9105378704720087
1b6044e4858a9b7cee9b0028d8e54fbc8fb72e6c4424ab5b9f3859bfc72b33c5,39,0.0865936279296875,0.9178151260504201,0.9252224503764545,0.925533731853117
4a424e0cb845cf6fd4d9fe62875552c7b89a4e0276cf16ebf46babe4656a794e,53,0.178192138671875,0.7438075476591882,0.7632766861391397,0.7502433326844462
e321cfa987e77c21373a0f8b1236c83d6636306949a82a7f5b07fc0838e7777f,15,0.0447845458984375,0.7583603020496225,0.8727100442198358,0.8702216511403791
8d9b4205ddb10fa49a2973b4f3a2dc6923407ae015081e1a52c4b4c2fe8faa53,33,0.06591796875,0.9272850067537145,0.9322536496350365,0.9401903035795197
6f8197baf738986a1ec3b6ba92b567863d897a739376b7cec5599ad6cecafdfc,20,0.10569480061531067,0.9138189244383934,0.915096915096915,0.9154119901450862
d7ec8003735996458b56ccb8ae34d080eb2a6adabef931323239632515b4b220,7,0.0098419189453125,0.842185128983308,0.8798798798798799,0.8514115898959881
1e488c42eb1a54a3e8412b1f12cde530f950f238d71078f2ede6a85a02168e1f,10,0.1929931640625,0.7783416726233023,0.9064882643145463,0.7829757298628209
942d56861fc83e195e9c559a000bb86627d8682f8dcc2300818458e5b6850dd0,51,0.1683807373046875,0.6406432067117223,0.8552977953274103,0.8597355670526402
2dec81a678ddcac2b110acffe82427d857695180bd841e3f9736a554acf832af,25,0.11410820484161377,0.9099604642265017,0.9164420485175202,0.9079770261646458
d1b173875e2261f55014bd27bd7174b9ae1c769338c1b31b5d737e9e60175993,9,0.0210723876953125,0.9228611500701263,0.94,0.9680170575692963
b1e3aeb0c56261c17eb71c747d116057b8da7e8c8a6845bdc01b2b3ee2299229,22,0.0389404296875,0.8242884250474384,0.825684535287312,0.8817939946788294
10328b822b836e67b547b4144e0b7eb43747c114ce4cacd8b540648892945b00,23,0.0606231689453125,0.9083512802105767,0.9131067961165048,0.9193820902727492
619429303c1af7540916509fe7900cf483eba4391b06aac87ff7f66ca1ab6483,24,0.13702392578125,0.8071744048260261,0.8537570991699432,0.9021727380823694
ecb36c90cdd20245d89173c106f3c6a2d124d07bdea0ae202fb1efa49b0cd169,120,0.22195911407470703,0.8490553703340524,0.8566045091287116,0.8536918869644485
853a4c67900c411abd04467f7bc7813d3c58a5f565c8b0807e13c6e6dea21344,18,0.34521484375,0.8358951541137448,0.8639925297389468,0.9253365973072215
8cdbdda8b3a64c97409c0160bcfb06eb8e876cedc3691aa63ca16dbafae6f948,92,0.14636355638504028,0.7531162042621633,0.775776766277459,0.7683761531594088
237802ac5005f9cf782367156c46c383efd9e05088e5768ca883cbbe24abadb1,8,0.0155792236328125,0.9305689488910318,0.9296187683284457,0.9437439379243453
947c0d94c8213ac7aaa41c4efc95d854246550298259cf1bb489654d0e969050,64,0.1454620361328125,0.6472816555594528,0.7361988352062997,0.6575613898520982
220b37f4ca7cab486d2b71cd87a46ee7411a5aa142799d96ed98015ab5ba538a,1,0.002532958984375,0.4623955431754875,0.38875878220140514,0.5
fd8065bcb1afdbed19e028465d5d00cd2ecadc4558de05c6fa28bea3c817aa22,52,0.3390960693359375,0.7387359612420171,0.8440813488614636,0.8648428105136574
80632d6be60c8462e50d51bcf5caf15308931603095d6b5e772a115cd0d0470c,36,0.12514068186283112,0.6806827173053013,0.6846047476377045,0.6923605543465812
52a4ac5a875be7a6c886035d54fb63f5f397dc43508c4831898f6b2f8debc7f3,8,0.02392578125,0.9332531569452797,0.938987187309335,0.9415347137637028
3a508d2dc03db46e7f97a2a30eabb62ab2886f3cedfea303de8f6a42e50d20eb,21,0.048553466796875,0.9089515634580012,0.910939907550077,0.9151087955868832
f6863b83d75e5927b30e2e326405b588293283c25aaef2251b30c343296b9cb1,92,0.3511810302734375,0.8281755953600852,0.8567677828492951,0.8550454921422663
81e2dd950e6df28a4fe202a40afa98b202981f65a5ca05b389749290eb87c883,11,0.026031494140625,0.913953488372093,0.8979591836734694,0.9078717201166181
fc22db33a2495f58f118bc182c0087e140df14ccb8dad51373e1a54381f683de,89,0.13808263838291168,0.8363221726961749,0.8307501549907006,0.8273655969456196
3b75fc03a1d12b29bd2870eb1f6fdb44174dbd1118dfc11c31f127bd87bd27ef,8,0.018035888671875,0.9501246882793017,0.9426699426699426,0.948203842940685
0287e7ee5b007c91ae2bd7628d09735e70496bc6127ecb7f3dd043e04ce37426,62,0.24774169921875,0.8249905092467054,0.8303394283875811,0.866315172817809
68f833de9f8c631cedd7031b8ed9b908c42cbbc1e14254722728a8b7d596fd4c,32,0.0323028564453125,0.6618101545253863,0.672924488944514,0.6579298089737894
e5f8ad0f0a43af8ca57e31e16800108abdfb44a7e962a71d246f72d2dbde42bf,6,0.0182037353515625,0.946852003270646,0.9605587510271159,0.9646381578947368
adc315bd40d699fd4e4effbcce81cd7162851007f485d754ad3b0472f73a86df,5,0.0921478271484375,0.3587317821529021,0.6336756573750141,0.7028636234760419
54793624413c7d0e048173f7aeee85de3277f7e8d47c82e0a854fe43e879cd12,73,0.01936578005552292,0.5852842809364549,0.6371022342586323,0.6240282685512367
a486f6ed4b8781e7883e433d06a83dd66db3e8b36d45b9976c4214820ee22629,53,0.13267986476421356,0.8838278769298149,0.8919452054794521,0.8843218491059747
fc9269fb2e651cd4a32b65ae164f79b0a2ea823e0a83508c85d7985a6bed43cf,5,0.011993408203125,0.9377245508982036,0.9251781472684085,0.9252669039145908
4cbd6c37f3a55a538d759d440344c287cac66260d3047a83f429e63e7a0f7f20,13,0.05181884765625,0.7921237693389592,0.8172994576077648,0.8376679051157474
dabfee30b46d23569c63fa7253ef10b2407fbe8023035a5030252313cb718097,10,0.0246124267578125,0.8831719128329297,0.8943488943488943,0.8875921375921376
0a7d30b252359a10fd298b638b90cb9ada3acced4e0c0e5a3692013f432ee4e9,27,0.138092041015625,0.8016894214713682,0.7653936923406994,0.8156214009004292
ec031f176dafe0b36547068ce42eab39428ec7995dac1b3ea52d1db79b61fdeb,9,0.0201873779296875,0.95,0.9666172106824926,0.9598540145985401
c169a7782a69ea2f38f64d2739de189e88adbcfd4a829721def8c89ecabe8b71,22,0.2889251708984375,0.9298018726398014,0.9346665975856173,0.9359120016525512
57d88f45e479ce3821839b2706d667758c63ac769d76800d815c73d2507c1e42,44,0.2445831298828125,0.7567888058816554,0.8355694952663065,0.8060802833530106
53ad09e4348767bece0165884bf40c10b72ae18444e3f414a850442f02385efc,123,0.23698143661022186,0.8584211816621721,0.862464883351655,0.8618433123356369
2227fd9b01d67c2bcdb407d3205214e6dfeff9fd0725828e3b3651959942ff4a,60,0.075408935546875,0.7868029406490945,0.7956312476860422,0.8107862720174324
0b2e702f90aee4fff2bc6e4326308d50cf04701082e718d4f831c8959fbcda93,5,0.0144195556640625,0.9564766839378238,0.9663865546218487,0.9665271966527197
0bf33d3db4282d918ec3da7112d0bf0427d4eafe74b3ee0bb419770eefe8d7d6,29,0.1234283447265625,0.8175277188016041,0.849427547126171,0.8667356559733241
a5e695fce80dc03efb6665a9ec14500ab47f4ee9f6437531388dd3cc32c90db1,49,0.1365109533071518,0.82422850294617,0.8603340506199406,0.8534300392867936
e66a97b2c77f3d66a7d3cebbc6a36c8c6259368a397f7b67647ed80ad53aa776,11,0.0300750732421875,0.8873375060182956,0.8898678414096917,0.8901960784313725
20b20ab049372d184c705acebe7af026d3580f5fd5a72ed796e3622e1685af2f,289,0.046834953129291534,0.5061062198239137,0.5071745369162536,0.492003046458492
d4d6c683f249d82518431603bf0206d05f2114ac871a99ffade0f5f61cf167e1,10,0.0243682861328125,0.9276155717761557,0.9205864386072083,0.9325980392156863
27c30f9011492f234e4587c9a4b53c787037d486f658821196fe354240ac3c47,39,0.0757293701171875,0.9134067603494114,0.9294003868471954,0.9269804377300019
3441821ebea04face181c9e2f4d0d09727c764827ac51b9e7fbadbebabeab225,28,0.2933349609375,0.9176195684597792,0.9266142363372238,0.9255611658251263
54cb3328e778d87f76062b0550e3bc190f46384acd8efbe58c297265d1906e84,36,0.0649566650390625,0.842082143641555,0.8346333853354134,0.8384308510638298
5ba4facefc949c920d7054813a3e846b000969da2ed860148bdfd18456f59bcc,31,0.3135986328125,0.9104245283018868,0.9200303922499763,0.9189431893373665
66612c188d73e931e1863af2c99d2af782c32f65fd97d224abb40bbadb87263f,15,0.0531768798828125,0.9163715608825933,0.9220489977728286,0.9304589707927677
091944f1d2611c916b98c020bd066667e33f4639159b2a92407fe5a40788856d,44,0.012744852341711521,0.5476864966949953,0.6462655601659751,0.580441640378549
2ab91a4408860ae8339689ed9f87aa9359de1bdd4ca5c2eab7fff7724dbd6707,55,0.063140869140625,0.838957055214724,0.8490022172949002,0.8286439602284748
f9ea1a1159c33f39bbe5f18bb278d961188b40508277eab7c0b4b91219b37b5d,25,0.1918182373046875,0.9302378774016469,0.9414122725871107,0.9437196016366864
